parsed_title,reddit_hits_total,hits_movies,hits_MovieSuggestions,hits_Letterboxd,hits_TrueFilm
A Ghost Story,5,2,2,0,1
A Simple Plan,6,2,4,0,0
About Time,16,8,6,2,0
Arlington Road,8,3,5,0,0
Avalon,1,1,0,0,0
Begin Again,4,4,0,0,0
Coherence,82,28,41,8,5
Dark City,15,8,7,0,0
Dredd,42,29,11,2,0
In the Loop,1,0,0,0,1
In the Mood for Love,2,0,1,1,0
Lake Mungo,3,1,2,0,0
Last Night,63,47,11,1,4
Leave No Trace,6,2,4,0,0
Margaret,9,7,2,0,0
Prisoners,104,42,49,7,6
Ravenous,17,10,7,0,0
Session 9,2,1,1,0,0
The Assassination of Jesse James by the Coward Robert Ford,3,3,0,0,0
The Big Year,0,0,0,0,0
The Black Stallion,0,0,0,0,0
The Corruptor,0,0,0,0,0
The Empty Man,1,0,1,0,0
The Fall,0,0,0,0,0
The Flight of the Navigator,0,0,0,0,0
The Foot Fist Way,0,0,0,0,0
The Gift,0,0,0,0,0
The Illusionist,0,0,0,0,0
The Invitation,0,0,0,0,0
The Iron Giant,0,0,0,0,0
The Long Kiss Goodnight,0,0,0,0,0
The Longest Week,0,0,0,0,0
The Lost City of Z,0,0,0,0,0
The Man from Nowhere,0,0,0,0,0
The One I Love,0,0,0,0,0
The Painting,0,0,0,0,0
The Poughkeepsie Tapes,0,0,0,0,0
The Quiet Earth,0,0,0,0,0
The Rabbi's Cat,0,0,0,0,0
The Secret Life of Walter Mitty,0,0,0,0,0
The Sweet Hereafter,0,0,0,0,0
The Vanishing,0,0,0,0,0
The Visitor,0,0,0,0,0
Timecrimes,0,0,0,0,0
